id,brand,model,url,type,formfactor,platform,classname,library_dependency,width,height,v,i,w,dependency,category,portname,porttype,functiontype,functionpintype,v_min,v_max,x,y,connectivity,compatibility,action,param,min,max,unit,constraint,value,valuemin,valuemax,valueunit,valueconstraint,count
DEV-13743,Sparkfun,SparkFun Level Shifting microSD Breakout,https://www.sparkfun.com/products/13743,PERIPHERAL,BREAKOUT_BOARD_ONESIDE,ARDUINO,,,128,173,,,,,,VCC,WIRE,POWER,VCC,3.3,5,10,163,SPI_1,,,,,,,,,,,,,
,,,,,,,,,,,,,,,,CS,WIRE,SPI_1,SPI_SS,3.3,5,24.4,163,,,,,,,,,,,,,,
,,,,,,,,,,,,,,,,DI,WIRE,SPI_1,SPI_MOSI,3.3,5,38.8,163,,,,,,,,,,,,,,
,,,,,,,,,,,,,,,,SCK,WIRE,SPI_1,SPI_SCK,3.3,5,53.2,163,,,,,,,,,,,,,,
,,,,,,,,,,,,,,,,DO,WIRE,SPI_1,SPI_MISO,3.3,5,67.6,163,,,,,,,,,,,,,,
,,,,,,,,,,,,,,,,CO,WIRE,,,,,82,163,,,,,,,,,,,,,,
,,,,,,,,,,,,,,,,GND,WIRE,POWER,GND,,,96.4,163,,,,,,,,,,,,,,
Adafruit-1063,Adafruit,Electret Microphone Amplifier - MAX4466 with Adjustable Gain,https://www.adafruit.com/product/1063,PERIPHERAL,BREAKOUT_BOARD_ONESIDE,ARDUINO,MP_ADAFRUIT_1032,,79.2,122.4,,,,,,OUT,WIRE,ANALOG_1,INOUT,,,21.646,110.924,ANALOG_1,Sound,Compare,,,,,,Sound Level,0,0,DECIBEL,,
,,,,,,,,,,,,,,,,GND,WIRE,POWER,GND,,,36.046,110.924,,,,,,,,,,,,,,
,,,,,,,,,,,,,,,,VCC,WIRE,POWER,VCC,2.4,5.5,50.446,110.924,,,,,,,,,,,,,,
Adafruit-2130,Adafruit,Adafruit Mono 2.5W Class D Audio Amplifier - PAM8302,https://www.adafruit.com/products/2130,PERIPHERAL,BREAKOUT_BOARD_ONESIDE,ARDUINO,MP_ADAFRUIT_2130,,86.4,136.8,0,0,2.5,,AMPLIFIER,A+,WIRE,PWM_1,INOUT,,,80.793,119.519,PWM_1,,,,,,,,,,,,,1
,,,,,,,,,,,,,,,,A-,WIRE,POWER,GND,,,95.193,119.519,,,,,,,,,,,,,,
,,,,,,,,,,,,,,,,SD,WIRE,,,,,109.593,119.519,,,,,,,,,,,,,,
,,,,,,,,,,,,,,,,VIN,WIRE,POWER,VCC,2.5,5,123.993,119.519,,,,,,,,,,,,,,
,,,,,,,,,,,,,,,,GND,WIRE,POWER,GND,3.3,5,138.393,119.519,,,,,,,,,,,,,,
,,,,,,,,,,,,,,,,VCC,WIRE,POWER,VCC,3.3,5,4.602,119.594,,,,,,,,,,,,,,
,,,,,,,,,,,,,,,,CS,WIRE,SPI_1,SPI_SS,3.3,5,13.602,119.594,,,,,,,,,,,,,,
,,,,,,,,,,,,,,,,DI,WIRE,SPI_1,SPI_MOSI,3.3,5,22.602,119.594,,,,,,,,,,,,,,
,,,,,,,,,,,,,,,,SCK,WIRE,SPI_1,SPI_SCK,3.3,5,31.602,119.594,,,,,,,,,,,,,,
,,,,,,,,,,,,,,,,DO,WIRE,SPI_1,SPI_MISO,3.3,5,40.602,119.594,,,,,,,,,,,,,,
,,,,,,,,,,,,,,,,CD,WIRE,,,3.3,5,49.602,119.594,,,,,,,,,,,,,,
,,,,,,,,,,,,,,,,GND,WIRE,POWER,GND,3.3,5,58.602,119.594,,,,,,,,,,,,,,
Adafruit-2652,Adafruit,Adafruit BME280 I2C or SPI Temperature Humidity Pressure Sensor,https://www.adafruit.com/products/2652,PERIPHERAL,BREAKOUT_BOARD_ONESIDE,ARDUINO,MP_ADAFRUIT_2652,adafruit/Adafruit_BME280_Library,100.8,108,,,,,,VIN,WIRE,POWER,VCC,3,5,7.2,93.599,I2C_1,Temperature,Compare,,,,,,Temperature,-40,85,CELSIUS,,
,,,,,,,,adafruit/Adafruit_Sensor,,,,,,,,3Vo,WIRE,,,,,21.6,93.599,,Humidity,Compare,,,,,,Humidity,0,100,PERCENT,,
,,,,,,,,,,,,,,,,GND,WIRE,POWER,GND,,,36,93.599,,Pressuremeter,Compare,,,,,,Pressure,300,1100,HECTOPASCAL,,
,,,,,,,,,,,,,,,,SCK,WIRE,I2C_1,I2C_SCL,3,5,50.4,93.599,,Altimeter,Compare,,,,,,Altitude,-698.43,9165.37,METER,,
,,,,,,,,,,,,,,,,SDO,WIRE,,,,,64.8,93.599,,,,,,,,,,,,,,
,,,,,,,,,,,,,,,,SDI,WIRE,I2C_1,I2C_SDA,3,5,79.2,93.599,,,,,,,,,,,,,,
,,,,,,,,,,,,,,,,CS,WIRE,,,,,93.6,93.599,,,,,,,,,,,,,,
Adafruit-3251,Adafruit,Adafruit Si7021 Temperature & Humidity Sensor Breakout Board,https://www.adafruit.com/product/3251,PERIPHERAL,BREAKOUT_BOARD_ONESIDE,ARDUINO,MP_ADAFRUIT_3251,adafruit/Adafruit_Si7021,86.4,100.8,,,,,,VIN,WIRE,POWER,VCC,3.3,5,14.4,86.401,I2C_1,Temperature,Compare,,,,,,Temperature,-10,85,CELSIUS,,
,,,,,,,,,,,,,,,,3Vo,WIRE,,,,,28.8,86.401,,Humidity,Compare,,,,,,Humidity,0,80,PERCENT,,
,,,,,,,,,,,,,,,,GND,WIRE,POWER,GND,,,43.2,86.401,,,,,,,,,,,,,,
,,,,,,,,,,,,,,,,SCL,WIRE,I2C_1,I2C_SCL,3.3,5,57.6,86.401,,,,,,,,,,,,,,
,,,,,,,,,,,,,,,,SDA,WIRE,I2C_1,I2C_SDA,3.3,5,72,86.401,,,,,,,,,,,,,,
Adafruit-1032,Adafruit,L3GD20H Triple-Axis Gyro Breakout Board - L3GD20/L3G4200 Upgrade - L3GD20H,https://www.adafruit.com/product/1032,PERIPHERAL,BREAKOUT_BOARD_ONESIDE,ARDUINO,MP_ADAFRUIT_1032,adafruit/Adafruit_Sensor,173,108,,,,,,SCL,WIRE,I2C_1,I2C_SCL,3,5,29,99,I2C_1,Gyroscope,Compare,,,,,,X,-2000,2000,DEGREEPERSEC,,
,,,,,,,,adafruit/Adafruit_L3GD20_U,,,,,,,,SDA,WIRE,I2C_1,I2C_SDA,3,5,43.4,99,,,,,,,,,Y,-2000,2000,DEGREEPERSEC,,
,,,,,,,,,,,,,,,,SA0,WIRE,,,,,57.8,99,,,,,,,,,Z,-2000,2000,DEGREEPERSEC,,
,,,,,,,,,,,,,,,,CS,WIRE,,,,,72.2,99,,,,,,,,,,,,,,
,,,,,,,,,,,,,,,,DRDY,WIRE,,,,,86.6,99,,,,,,,,,,,,,,
,,,,,,,,,,,,,,,,INT1,WIRE,,,,,101,99,,,,,,,,,,,,,,
,,,,,,,,,,,,,,,,GND,WIRE,POWER,GND,,,115.4,99,,,,,,,,,,,,,,
,,,,,,,,,,,,,,,,3Vo,WIRE,,,,,129.8,99,,,,,,,,,,,,,,
,,,,,,,,,,,,,,,,VIN,WIRE,POWER,VCC,3,5,144.2,99,,,,,,,,,,,,,,
Adafruit-2023,Adafruit,Contact-less Infrared Thermopile Sensor Breakout - TMP007,https://www.adafruit.com/product/2023,PERIPHERAL,BREAKOUT_BOARD_ONESIDE,ARDUINO,MP_ADAFRUIT_2023,adafruit/Adafruit_TMP007_Library,116,116,,,,,,VCC,WIRE,POWER,VCC,2.2,5.5,14.5,101.5,I2C_1,Temperature,Compare,,,,,,Temperature,-40,125,CELSIUS,,
,,,,,,,,,,,,,,,,GND,WIRE,POWER,GND,,,28.9,101.5,,,,,,,,,,,,,,
,,,,,,,,,,,,,,,,SDA,WIRE,I2C_1,I2C_SDA,2.2,5.5,43.3,101.5,,,,,,,,,,,,,,
,,,,,,,,,,,,,,,,SCL,WIRE,I2C_1,I2C_SCL,2.2,5.5,57.7,101.5,,,,,,,,,,,,,,
,,,,,,,,,,,,,,,,ALERT,WIRE,,,,,72.1,101.5,,,,,,,,,,,,,,
,,,,,,,,,,,,,,,,AD1,WIRE,,,,,86.5,101.5,,,,,,,,,,,,,,
,,,,,,,,,,,,,,,,AD0,WIRE,,,,,100.9,101.5,,,,,,,,,,,,,,
DEV-13975,Sparkfun,SparkFun RedBoard,https://www.sparkfun.com/products/13975,CONTROLLER,STANDALONE,ARDUINO,,,531,410,,,,,,0,WIRE,UART_1,UART_RX,5,5,493.5,21.907,GPIO_1,,,,,,,,,,,,,
,,,,,,,,,,,,,,,,1,WIRE,UART_1,UART_TX,5,5,474.5,21.907,GPIO_2,,,,,,,,,,,,,
,,,,,,,,,,,,,,,,2,WIRE,GPIO_1,INOUT,5,5,455.5,21.907,GPIO_3,,,,,,,,,,,,,
,,,,,,,,,,,,,,,,3,WIRE,PWM_1,INOUT,5,5,435.5,21.907,GPIO_4,,,,,,,,,,,,,
,,,,,,,,,,,,,,,,4,WIRE,GPIO_2,INOUT,5,5,416,21.907,GPIO_5,,,,,,,,,,,,,
,,,,,,,,,,,,,,,,5,WIRE,PWM_2,INOUT,5,5,397,21.907,GPIO_6,,,,,,,,,,,,,
,,,,,,,,,,,,,,,,6,WIRE,PWM_3,INOUT,5,5,378,21.907,UART_1,,,,,,,,,,,,,
,,,,,,,,,,,,,,,,7,WIRE,GPIO_3,INOUT,5,5,359,21.907,I2C_1,,,,,,,,,,,,,
,,,,,,,,,,,,,,,,8,WIRE,GPIO_4,INOUT,5,5,327.5,21.907,PWM_1,,,,,,,,,,,,,
,,,,,,,,,,,,,,,,9,WIRE,PWM_4,INOUT,5,5,308.5,21.907,PWM_2,,,,,,,,,,,,,
,,,,,,,,,,,,,,,,10,WIRE,PWM_5,INOUT,5,5,288.5,21.907,PWM_3,,,,,,,,,,,,,
,,,,,,,,,,,,,,,,11,WIRE,PWM_6,INOUT,5,5,269.5,21.907,PWM_4,,,,,,,,,,,,,
,,,,,,,,,,,,,,,,12,WIRE,GPIO_5,INOUT,5,5,250.5,21.907,PWM_5,,,,,,,,,,,,,
,,,,,,,,,,,,,,,,13,WIRE,GPIO_6,INOUT,5,5,231.5,21.907,PWM_6,,,,,,,,,,,,,
,,,,,,,,,,,,,,,,GND,WIRE,POWER,GND,5,5,212.5,21.907,ANALOG_0,,,,,,,,,,,,,
,,,,,,,,,,,,,,,,AREF,WIRE,,,,,193.5,21.907,ANALOG_1,,,,,,,,,,,,,
,,,,,,,,,,,,,,,,SDA,WIRE,I2C_1,I2C_SDA,5,5,174.5,21.907,ANALOG_2,,,,,,,,,,,,,
,,,,,,,,,,,,,,,,SCL,WIRE,I2C_1,I2C_SCL,5,5,154.5,21.907,ANALOG_3,,,,,,,,,,,,,
,,,,,,,,,,,,,,,,A5,WIRE,ANALOG_5,INOUT,5,5,492.542,387.372,ANALOG_4,,,,,,,,,,,,,
,,,,,,,,,,,,,,,,A4,WIRE,ANALOG_4,INOUT,5,5,473.475,387.372,ANALOG_5,,,,,,,,,,,,,
,,,,,,,,,,,,,,,,A3,WIRE,ANALOG_3,INOUT,5,5,454.408,387.372,,,,,,,,,,,,,,
,,,,,,,,,,,,,,,,A2,WIRE,ANALOG_2,INOUT,5,5,435.341,387.372,,,,,,,,,,,,,,
,,,,,,,,,,,,,,,,A1,WIRE,ANALOG_1,INOUT,5,5,416.274,387.372,,,,,,,,,,,,,,
,,,,,,,,,,,,,,,,A0,WIRE,ANALOG_0,INOUT,5,5,397.207,387.372,,,,,,,,,,,,,,
,,,,,,,,,,,,,,,,VIN,WIRE,,,,,357.76,387.372,,,,,,,,,,,,,,
,,,,,,,,,,,,,,,,GND,WIRE,POWER,GND,5,5,338.693,387.372,,,,,,,,,,,,,,
,,,,,,,,,,,,,,,,GND,WIRE,POWER,GND,5,5,319.626,387.372,,,,,,,,,,,,,,
,,,,,,,,,,,,,,,,5V,WIRE,POWER,VCC,5,5,300.559,387.372,,,,,,,,,,,,,,
,,,,,,,,,,,,,,,,3.3V,WIRE,,,,,281.492,387.372,,,,,,,,,,,,,,
,,,,,,,,,,,,,,,,RESET,WIRE,,,,,262.425,387.372,,,,,,,,,,,,,,
,,,,,,,,,,,,,,,,IOREF,WIRE,,,,,243.358,387.372,,,,,,,,,,,,,,
Arduinoall-29,Arduinoall,PIR Motion Sensor Module HC-SR501,https://www.arduinoall.com/product/29/pir-hc-sr501-%E0%B9%80%E0%B8%8B%E0%B8%99%E0%B9%80%E0%B8%8B%E0%B8%AD%E0%B8%A3%E0%B9%8C%E0%B8%95%E0%B8%A3%E0%B8%A7%E0%B8%88%E0%B8%88%E0%B8%B1%E0%B8%9A%E0%B8%84%E0%B8%A7%E0%B8%B2%E0%B8%A1%E0%B9%80%E0%B8%84%E0%B8%A5%E0%B8%B7%E0%B9%88%E0%B8%AD%E0%B8%99%E0%B9%84%E0%B8%AB%E0%B8%A7-motion-sensor-module-hc-sr501,PERIPHERAL,STANDALONE,ARDUINO,MP_ARDUINOALL_29,,235,230,,,,,,5V,WIRE,POWER,VCC,3,5,135,229.074,GPIO_1,Presence,Detect Human,isDetected,,,,,,,,,,
,,,,,,,,,,,,,,,,GND,WIRE,POWER,GND,,,99,229.074,,,No Human,isNotDetected,,,,,,,,,,
,,,,,,,,,,,,,,,,DO,WIRE,GPIO_1,INOUT,3,5,117,229.074,,,,,,,,,,,,,,
Adafruit-1438,Adafruit,Adafruit Motor/Stepper/Servo Shield for Arduino v2 Kit - v2.3,https://www.adafruit.com/product/1438,PERIPHERAL,SHIELD,ARDUINO,MP_ADAFRUIT_1438,adafruit/Adafruit_MotorShield_V2_Library,454,204,,,,,,M1+,WIRE,,,,,17,177.5,I2C_1,DC Motor,On,Direction,,,,Forward,,,,,,
,,,,,,,,,,,,,,,,M1-,WIRE,,,,,17,205.5,,,,,,,,Backward,,,,,,
,,,,,,,,,,,,,,,,GND,WIRE,,,,,17,230.5,,,,Speed,0,100,PERCENT,,,,,,,
,,,,,,,,,,,,,,,,M2+,WIRE,,,,,17,260.5,,,,,,,,,,,,,,
,,,,,,,,,,,,,,,,M2-,WIRE,,,,,17,290.5,,,,,,,,,,,,,,
,,,,,,,,,,,,,,,,V+,WIRE,,,,,156,397,,,,,,,,,,,,,,
,,,,,,,,,,,,,,,,V-,WIRE,,,,,181,397,,,,,,,,,,,,,,
,,,,,,,,,,,,,,,,M3+,WIRE,,,,,528,348.5,,,,,,,,,,,,,,
,,,,,,,,,,,,,,,,M3-,WIRE,,,,,528,322.5,,,,,,,,,,,,,,
,,,,,,,,,,,,,,,,GND,WIRE,,,,,528,295.5,,,,,,,,,,,,,,
,,,,,,,,,,,,,,,,M4+,WIRE,,,,,528,269.5,,,,,,,,,,,,,,
,,,,,,,,,,,,,,,,M4-,WIRE,,,,,528,240.5,,,,,,,,,,,,,,
,,,,,,,,,,,,,,,,Servo1+,WIRE,,,,,64,23.5,,,,,,,,,,,,,,
,,,,,,,,,,,,,,,,Servo1-,WIRE,,,,,83,23.5,,,,,,,,,,,,,,
,,,,,,,,,,,,,,,,Servo1s,WIRE,,,,,102,23.5,,,,,,,,,,,,,,
,,,,,,,,,,,,,,,,Servo2+,WIRE,,,,,64,43.5,,,,,,,,,,,,,,
,,,,,,,,,,,,,,,,Servo2-,WIRE,,,,,83,43.5,,,,,,,,,,,,,,
,,,,,,,,,,,,,,,,Servo2s,WIRE,,,,,102,43.5,,,,,,,,,,,,,,
,,,,,,,,,,,,,,,,SDA,WIRE,I2C_1,I2C_SDA,5,5,174.5,21.907,,,,,,,,,,,,,,
,,,,,,,,,,,,,,,,SCL,WIRE,I2C_1,I2C_SCL,5,5,154.5,21.907,,,,,,,,,,,,,,
,,,,,,,,,,,,,,,,5V,WIRE,POWER,VCC,5,5,300.559,387.372,,,,,,,,,,,,,,
,,,,,,,,,,,,,,,,GND,WIRE,POWER,GND,5,5,319.626,387.372,,,,,,,,,,,,,,
Adafruit-1119,Adafruit,Tactile Switch Button,https://www.adafruit.com/product/1119,PERIPHERAL,BREAKOUT_BOARD_TWOSIDE,ARDUINO,MP_ADAFRUIT_1119,,119,82,,,,,,S1A,WIRE,GPIO_1,INOUT,,,31.785,42.489,GPIO_1,Button,Wait For Press,isPressed,,,,,,,,,,
,,,,,,,,,,,,,,,,S1B,WIRE,POWER,GND,5,5,2.984,0.002,,,Wait For Release,isReleased,,,,,,,,,,
,,,,,,,,,,,,,,,,VCC,WIRE,POWER,VCC,5,5,117.42,60.299,,,,,,,,,,,,,,
COM-09590,Sparkfun,LED - Basic Red 5mm,https://www.sparkfun.com/products/9590,PERIPHERAL,BREAKOUT_BOARD_ONESIDE,ARDUINO,MP_COM_09590,,111,129,,,,,,GND,WIRE,POWER,GND,5,5,9.054,107.646,PWM_1,LED,On,Brightness,0,100,PERCENT,,,,,,,
,,,,,,,,,,,,,,,,V+,WIRE,PWM_1,INOUT,1.8,5,109.966,107,,,Off,,,,,,,,,,,
Adafruit-1334,Adafruit,RGB Color Sensor with IR filter and White LED - TCS34725,https://www.adafruit.com/product/1334,PERIPHERAL,BREAKOUT_BOARD_ONESIDE,ARDUINO,MP_ADAFRUIT_1334,adafruit/Adafruit_TCS34725,116,117,,,,,,LED,WIRE,POWER,VCC,3.3,5,14.401,106.559,I2C_1,Color,Detect Color,Color,,,,Red,,,,,,
,,,,,,,,,,,,,,,,INT,WIRE,,,,,28.801,106.559,,,,,,,,Green,,,,,,
,,,,,,,,,,,,,,,,SDA,WIRE,I2C_1,I2C_SDA,3.3,5,43.201,106.559,,,,,,,,Blue,,,,,,
,,,,,,,,,,,,,,,,SCL,WIRE,I2C_1,I2C_SCL,3.3,5,57.601,106.559,,,,,,,,Cyan,,,,,,
,,,,,,,,,,,,,,,,3V3,WIRE,,,,,72.001,106.559,,,,,,,,Magenta,,,,,,
,,,,,,,,,,,,,,,,GND,WIRE,POWER,GND,3.3,5,86.401,106.559,,,,,,,,Yellow,,,,,,
,,,,,,,,,,,,,,,,VIN,WIRE,POWER,VCC,3.5,5,100.801,106.559,,,,,,,,,,,,,,
Arduitronics-220,Arduitronics,"4 digit display LED module clock for Arduino 0.36""",https://www.arduitronics.com/product/220/seven-segment-4-digit-clock-display-0-36-inches-catalex,PERIPHERAL,STANDALONE,ARDUINO,MP_ADRUITRONICS_220,avishorp/TM1637,372,153,,,,,,CLK,WIRE,GPIO_1,INOUT,3.3,5,321,53.3,GPIO_1,7 Segment,Show Value,Value,,,,,,,,,,
,,,,,,,,,,,,,,,,DIO,WIRE,GPIO_2,INOUT,3.3,5,321,67.8,GPIO_2,,Show Number,Number,-999,9999,NOT_SPECIFIED,,,,,,,
,,,,,,,,,,,,,,,,VCC,WIRE,POWER,VCC,3.3,5,321,82.3,,,Off,,,,,,,,,,,
,,,,,,,,,,,,,,,,GND,WIRE,POWER,GND,3.3,5,321,96.8,,,Set Brightness,Brightness,,,,0,,,,,,
,,,,,,,,,,,,,,,,,,,,,,,,,,,,,,,1,,,,,,
,,,,,,,,,,,,,,,,,,,,,,,,,,,,,,,2,,,,,,
,,,,,,,,,,,,,,,,,,,,,,,,,,,,,,,3,,,,,,
,,,,,,,,,,,,,,,,,,,,,,,,,,,,,,,4,,,,,,
,,,,,,,,,,,,,,,,,,,,,,,,,,,,,,,5,,,,,,
,,,,,,,,,,,,,,,,,,,,,,,,,,,,,,,6,,,,,,
,,,,,,,,,,,,,,,,,,,,,,,,,,,,,,,7,,,,,,
Arduinoall-1015,Arduinoall,Active Buzzer DC 1.5V-12V,https://www.arduinoall.com/product/1015/active-buzzer-dc-1-5v-12v-buzzer,PERIPHERAL,BREAKOUT_BOARD_ONESIDE,ARDUINO,MP_ARDUINOALL_1015,,158,155,,,,,,VCC,WIRE,GPIO_1,INOUT,1.5,12,85.742,151.8,GPIO_1,Buzzer,Play Tone,Tone Frequency,0,20000,HERTZ,,,,,,,
,,,,,,,,,,,,,,,,GND,WIRE,POWER,GND,1.5,12,71.279,151.8,,,,Duration,0,1000,SECOND,,,,,,,
,,,,,,,,,,,,,,,,,,,,,,,,,,Beep,,,,,,,,,,,
Arduinoall-332,Arduinoall,RGB LED Module Common Cathode,https://www.arduinoall.com/product/332/rgb-3-color-full-color-ky-016-led-module-for-arduino-avr-pic,PERIPHERAL,BREAKOUT_BOARD_ONESIDE,ARDUINO,MP_ARDUINOALL_332,,86,107,,,,,,R,WIRE,PWM_1,INOUT,5,5,20.743,90.968,PWM_1,RGB LED,On,Red,0,255,NOT_SPECIFIED,,,,,,,
,,,,,,,,,,,,,,,,G,WIRE,PWM_2,INOUT,5,5,35.144,90.968,PWM_2,,,Green,0,255,NOT_SPECIFIED,,,,,,,
,,,,,,,,,,,,,,,,B,WIRE,PWM_3,INOUT,5,5,49.544,90.968,PWM_3,,,Blue,0,255,NOT_SPECIFIED,,,,,,,
,,,,,,,,,,,,,,,,-,WIRE,POWER,GND,5,5,63.944,90.968,,,,Brightness,0,100,NOT_SPECIFIED,,,,,,,
,,,,,,,,,,,,,,,,,,,,,,,,,,Off,,,,,,,,,,,
MCU_1,Arduino,Arduino UNO,https://www.sparkfun.com/products/13975,CONTROLLER,STANDALONE,ARDUINO,,,425,303,,,,,,0,WIRE,UART_1,UART_RX,5,5,395.56,14.4,GPIO_1,,,,,,,,,,,,,
,,,,,,,,,,,,,,,,1,WIRE,UART_1,UART_TX,5,5,381.16,14.4,GPIO_2,,,,,,,,,,,,,
,,,,,,,,,,,,,,,,2,WIRE,GPIO_1,INOUT,5,5,366.74,14.4,GPIO_3,,,,,,,,,,,,,
,,,,,,,,,,,,,,,,3,WIRE,PWM_1,INOUT,5,5,352.36,14.4,GPIO_4,,,,,,,,,,,,,
,,,,,,,,,,,,,,,,,,GPIO_2,INOUT,,,,,GPIO_5,,,,,,,,,,,,,
,,,,,,,,,,,,,,,,4,WIRE,GPIO_3,INOUT,5,5,337.96,14.4,GPIO_6,,,,,,,,,,,,,
,,,,,,,,,,,,,,,,5,WIRE,PWM_2,INOUT,5,5,323.56,14.4,GPIO_7,,,,,,,,,,,,,
,,,,,,,,,,,,,,,,,,GPIO_4,INOUT,,,,,GPIO_8,,,,,,,,,,,,,
,,,,,,,,,,,,,,,,6,WIRE,PWM_3,INOUT,5,5,309.16,14.4,GPIO_9,,,,,,,,,,,,,
,,,,,,,,,,,,,,,,,,GPIO_5,INOUT,,,,,GPIO_10,,,,,,,,,,,,,
,,,,,,,,,,,,,,,,7,WIRE,GPIO_6,INOUT,5,5,294.74,14.4,GPIO_11,,,,,,,,,,,,,
,,,,,,,,,,,,,,,,8,WIRE,GPIO_7,INOUT,5,5,271.6,14.4,GPIO_12,,,,,,,,,,,,,
,,,,,,,,,,,,,,,,9,WIRE,PWM_4,INOUT,5,5,257.2,14.4,UART_1,,,,,,,,,,,,,
,,,,,,,,,,,,,,,,,,GPIO_8,INOUT,,,,,I2C_1,,,,,,,,,,,,,
,,,,,,,,,,,,,,,,10,WIRE,PWM_5,INOUT,5,5,242.78,14.4,SPI_1,,,,,,,,,,,,,
,,,,,,,,,,,,,,,,,,SPI_1,SPI_SS,,,,,PWM_1,,,,,,,,,,,,,
,,,,,,,,,,,,,,,,,,GPIO_9,INOUT,,,,,PWM_2,,,,,,,,,,,,,
,,,,,,,,,,,,,,,,11,WIRE,PWM_6,INOUT,5,5,228.38,14.4,PWM_3,,,,,,,,,,,,,
,,,,,,,,,,,,,,,,,,SPI_2,SPI_MOSI,,,,,PWM_4,,,,,,,,,,,,,
,,,,,,,,,,,,,,,,,,GPIO_10,INOUT,,,,,PWM_5,,,,,,,,,,,,,
,,,,,,,,,,,,,,,,12,WIRE,SPI_3,SPI_MISO,5,5,214,14.4,PWM_6,,,,,,,,,,,,,
,,,,,,,,,,,,,,,,,,GPIO_11,INOUT,,,,,ANALOG_0,,,,,,,,,,,,,
,,,,,,,,,,,,,,,,13,WIRE,SPI_4,SPI_SCK,5,5,199.6,14.4,ANALOG_1,,,,,,,,,,,,,
,,,,,,,,,,,,,,,,,,GPIO_12,INOUT,,,,,ANALOG_2,,,,,,,,,,,,,
,,,,,,,,,,,,,,,,GND,WIRE,POWER,GND,5,5,185.2,14.4,ANALOG_3,,,,,,,,,,,,,
,,,,,,,,,,,,,,,,AREF,WIRE,,,,,170.8,14.4,,,,,,,,,,,,,,
,,,,,,,,,,,,,,,,SDA,WIRE,I2C_1,I2C_SDA,5,5,156.4,14.4,,,,,,,,,,,,,,
,,,,,,,,,,,,,,,,SCL,WIRE,I2C_1,I2C_SCL,5,5,142,14.4,,,,,,,,,,,,,,
,,,,,,,,,,,,,,,,IOREF,WIRE,,,,,208.36,288,,,,,,,,,,,,,,
,,,,,,,,,,,,,,,,RESET,WIRE,,,,,222.76,288,,,,,,,,,,,,,,
,,,,,,,,,,,,,,,,3.3V,WIRE,,,,,237.16,288,,,,,,,,,,,,,,
,,,,,,,,,,,,,,,,5V,WIRE,POWER,VCC,5,5,251.56,288,,,,,,,,,,,,,,
,,,,,,,,,,,,,,,,GND,WIRE,POWER,GND,5,5,265.96,288,,,,,,,,,,,,,,
,,,,,,,,,,,,,,,,GND,WIRE,POWER,GND,5,5,280.36,288,,,,,,,,,,,,,,
,,,,,,,,,,,,,,,,VIN,WIRE,,,,,294.76,288,,,,,,,,,,,,,,
,,,,,,,,,,,,,,,,A0,WIRE,ANALOG_0,INOUT,5,5,323.56,288,,,,,,,,,,,,,,
,,,,,,,,,,,,,,,,A1,WIRE,ANALOG_1,INOUT,5,5,337.96,288,,,,,,,,,,,,,,
,,,,,,,,,,,,,,,,A2,WIRE,ANALOG_2,INOUT,5,5,352.36,288,,,,,,,,,,,,,,
,,,,,,,,,,,,,,,,A3,WIRE,ANALOG_3,INOUT,5,5,366.76,288,,,,,,,,,,,,,,
,,,,,,,,,,,,,,,,A4,WIRE,,INOUT,5,5,381.16,288,,,,,,,,,,,,,,
,,,,,,,,,,,,,,,,A5,WIRE,,INOUT,5,5,395.56,288,,,,,,,,,,,,,,
Arduinoall-1533,Aduinoall,Ultrasonic Sensor Module HC-SR04P,https://i.lnwfile.com/_/i/_raw/9u/ew/hl.jpg,PERIPHERAL,BREAKOUT_BOARD_ONESIDE,ARDUINO,MP_ARDUINOALL_1533,,228,129.811,,,,,,VIN,WIRE,POWER,VCC,3.3,5,91.572,129.811,,Distance,Compare,,,,,,Distance,0.02,4.5,METER,,
,,,,,,,,,,,,,,,,GND,WIRE,POWER,GND,3.3,5,134.894,129.811,,,,,,,,,,,,,,
,,,,,,,,,,,,,,,,TRIG,WIRE,GPIO_1,INOUT,3.3,5,105.692,129.811,GPIO_1,,,,,,,,,,,,,
,,,,,,,,,,,,,,,,ECHO,WIRE,GPIO_2,INOUT,3.3,5,120.456,129.811,GPIO_2,,,,,,,,,,,,,
Arduinoall-115,Arduinoall,RGB Color Sensor with IR filter and White LED - TCS34725,https://www.arduinoall.com/product/155/%E0%B9%82%E0%B8%A1%E0%B8%94%E0%B8%B9%E0%B8%A5-%E0%B8%A7%E0%B8%B1%E0%B8%94%E0%B8%84%E0%B9%88%E0%B8%B2%E0%B8%AA%E0%B8%B5-%E0%B8%AD%E0%B9%88%E0%B8%B2%E0%B8%99%E0%B8%84%E0%B9%88%E0%B8%B2%E0%B8%AA%E0%B8%B5-%E0%B9%80%E0%B8%8B%E0%B8%99%E0%B9%80%E0%B8%8B%E0%B8%AD%E0%B8%A3%E0%B9%8C%E0%B8%AA%E0%B8%B5-rgb-colour-sensor-tcs230-tcs3200-%E0%B8%AA%E0%B8%B3%E0%B8%AB%E0%B8%A3%E0%B8%B1%E0%B8%9A-arduino-2,PERIPHERAL,STANDALONE,ARDUINO,MP_ARDUINOALL_115,,198,198,,,,,,VIN,WIRE,POWER,VCC,3.5,5,9.688,62.938,,Color,Detect Color,Color,,,,Red,,,,,,
,,,,,,,,,,,,,,,,S1,WIRE,GPIO_2,INOUT,5,5,9.688,81,GPIO_2,,,,,,,Green,,,,,,
,,,,,,,,,,,,,,,,S0,WIRE,GPIO_1,INOUT,5,5,9.688,99,GPIO_1,,,,,,,Blue,,,,,,
,,,,,,,,,,,,,,,,LED,WIRE,GPIO_6,INOUT,5,5,9.688,117,GPIO_6,,,,,,,Cyan,,,,,,
,,,,,,,,,,,,,,,,GND,WIRE,POWER,GND,3.3,5,9.688,135.063,,,,,,,,Magenta,,,,,,
,,,,,,,,,,,,,,,,S3,WIRE,GPIO_4,INOUT,5,5,187.375,80.813,GPIO_4,,,,,,,Yellow,,,,,,
,,,,,,,,,,,,,,,,S2,WIRE,GPIO_3,INOUT,5,5,187.375,98.813,GPIO_3,,,,,,,,,,,,,
,,,,,,,,,,,,,,,,OUT,WIRE,GPIO_5,INOUT,5,5,187.375,116.813,GPIO_5,,,,,,,,,,,,,
Arduinoall-967,Arduinoall,RGB LED Module Common Anode,https://www.arduinoall.com/product/967/rgb-led-10mm-module-%E0%B9%82%E0%B8%A1%E0%B8%94%E0%B8%B9%E0%B8%A5-led-rgb-3-%E0%B8%AA%E0%B8%B5%E0%B8%82%E0%B8%99%E0%B8%B2%E0%B8%94-10mm,PERIPHERAL,BREAKOUT_BOARD_ONESIDE,ARDUINO,MP_ARDUINOALL_967,,86,107,,,,,,R,WIRE,PWM_3,INOUT,5,5,35.144,90.968,PWM_3,RGB LED,On,Red,0,255,NOT_SPECIFIED,,,,,,,
,,,,,,,,,,,,,,,,G,WIRE,PWM_1,INOUT,5,5,63.944,90.968,PWM_1,,,Green,0,255,NOT_SPECIFIED,,,,,,,
,,,,,,,,,,,,,,,,B,WIRE,PWM_2,INOUT,5,5,49.544,90.968,PWM_2,,,Blue,0,255,NOT_SPECIFIED,,,,,,,
,,,,,,,,,,,,,,,,V,WIRE,POWER,VCC,5,5,20.743,90.968,,,,Brightness,0,100,NOT_SPECIFIED,,,,,,,
,,,,,,,,,,,,,,,,,,,,,,,,,,Off,,,,,,,,,,,
Arduinoall-98,Arduinoall,Light Dependent Resistor LDR 5MM Photoresistor,https://www.arduinoall.com/product/98/light-dependent-resistor-ldr-5mm-photoresistor,PERIPHERAL,BREAKOUT_BOARD_ONESIDE,ARDUINO,MP_ARDUINOALL_98,,132.212,40.201,,,,,,VCC,WIRE,POWER,VCC,5,5,1.531,19.764,,Light,Compare,,,,,,Percent,0,100,PERCENT,,
,,,,,,,,,,,,,,,,SIGNAL,WIRE,ANALOG_1,INOUT,5,5,45.2,31.9095,ANALOG_1,,,,,,,,,,,,,
,,,,,,,,,,,,,,,,GND,WIRE,POWER,GND,5,5,132.212,22.0465,,,,,,,,,,,,,,
Arduinoall-737,Arduinoall,Fan DC Motor Module L9110 Fan Module for Arduino,https://www.arduinoall.com/product/737/fan-dc-motor-module-l9110-fan-module-for-arduino,PERIPHERAL,STANDALONE,ARDUINO,MP_ARDUINOALL_737,,235.329,241.152,,,,,,INA,WIRE,PWM_1,INOUT,5,5,75.983,128.556,PWM_1,DC Motor,On,Direction,,,,Forward,,,,,,
,,,,,,,,,,,,,,,,INB,WIRE,PWM_2,INOUT,5,5,61.67,128.556,PWM_2,,,,,,,Backward,,,,,,
,,,,,,,,,,,,,,,,VCC,WIRE,,,,,90.296,128.556,,,,Speed,0,100,PERCENT,,,,,,,
,,,,,,,,,,,,,,,,GND,WIRE,POWER,GND,5,5,104.609,128.556,,,,,,,,,,,,,,
Arduinoall-184,Arduinoall,Soil Moisture Sensor Module,https://www.arduinoall.com/product/184/soil-moisture-sensor-module,PERIPHERAL,STANDALONE,ARDUINO,MP_ARDUINOALL_184,,210.63,388.242,,,,,,VCC,WIRE,POWER,VCC,3.3,5,192.908,215.451,,Humidity,Compare,,,,,,Humidity,0,100,PERCENT,,
,,,,,,,,,,,,,,,,GND,WIRE,POWER,GND,3.3,5,178.51,215.451,,,,,,,,,,,,,,
,,,,,,,,,,,,,,,,D0,WIRE,,,3.3,5,164.109,215.451,,,,,,,,,,,,,,
,,,,,,,,,,,,,,,,A0,WIRE,ANALOG_1,INOUT,3.3,5,149.707,215.451,ANALOG_1,,,,,,,,,,,,,
Arduinoall-1701,Arduinoall,Infrared Barrier tracking avoidance Obstacle Sensor Module,https://www.arduinoall.com/product/1701/infrared-barrier-tracking-avoidance-obstacle-sensor-module-%E0%B9%82%E0%B8%A1%E0%B8%94%E0%B8%B9%E0%B8%A5%E0%B8%95%E0%B8%A3%E0%B8%A7%E0%B8%88%E0%B8%88%E0%B8%B1%E0%B8%9A%E0%B9%80%E0%B8%AA%E0%B9%89%E0%B8%99%E0%B9%81%E0%B8%A5%E0%B8%B0%E0%B8%AA%E0%B8%B4%E0%B9%88%E0%B8%87%E0%B8%81%E0%B8%B5%E0%B8%94%E0%B8%82%E0%B8%A7%E0%B8%B2%E0%B8%87%E0%B9%81%E0%B8%9A%E0%B8%9A%E0%B8%AD%E0%B8%B4%E0%B8%99%E0%B8%9F%E0%B8%B2%E0%B9%80%E0%B8%A3%E0%B8%94,PERIPHERAL,STANDALONE,ARDUINO,MP_ARDUINOALL_1701,,205,80,,,,,,OUT,WIRE,GPIO_1,INOUT,3.3,5,194,54.4,GPIO_1,Presence,Detect Human,isDetected,,,,,,,,,,
,,,,,,,,,,,,,,,,GND,WIRE,POWER,GND,3.3,5,194,40,,,No Human,isNotDetected,,,,,,,,,,
,,,,,,,,,,,,,,,,VCC,WIRE,POWER,VCC,3.3,5,194,25.6,,,,,,,,,,,,,,
Arduinoall-1219,Arduinoall,"4 digit display LED module with dots for Arduino 0.36""",https://www.arduinoall.com/product/1219/%E0%B9%82%E0%B8%A1%E0%B8%94%E0%B8%B9%E0%B8%A5%E0%B9%81%E0%B8%AA%E0%B8%94%E0%B8%87%E0%B8%84%E0%B9%88%E0%B8%B2%E0%B8%95%E0%B8%B1%E0%B8%A7%E0%B9%80%E0%B8%A5%E0%B8%82-4-%E0%B8%AB%E0%B8%A5%E0%B8%B1%E0%B8%81-%E0%B8%82%E0%B8%99%E0%B8%B2%E0%B8%94-0-36-%E0%B8%AA%E0%B8%B5%E0%B9%81%E0%B8%94%E0%B8%87-tm1637-driver,PERIPHERAL,STANDALONE,ARDUINO,MP_ARDUINOALL_1219,avishorp/TM1637,372,153,,,,,,CLK,WIRE,GPIO_1,INOUT,3.3,5,20.5,52.5,GPIO_1,7 Segment,Show Value,Value,,,,,,,,,,
,,,,,,,,,,,,,,,,DIO,WIRE,GPIO_2,INOUT,3.3,5,20.5,66.5,GPIO_2,,Show Number,Number,-999,9999,NOT_SPECIFIED,,,,,,,
,,,,,,,,,,,,,,,,VCC,WIRE,POWER,VCC,3.3,5,20.5,82.5,,,Off,,,,,,,,,,,
,,,,,,,,,,,,,,,,GND,WIRE,POWER,GND,3.3,5,20.5,95.5,,,Set Brightness,Brightness,,,,0,,,,,,
,,,,,,,,,,,,,,,,,,,,,,,,,,,,,,,1,,,,,,
,,,,,,,,,,,,,,,,,,,,,,,,,,,,,,,2,,,,,,
,,,,,,,,,,,,,,,,,,,,,,,,,,,,,,,3,,,,,,
,,,,,,,,,,,,,,,,,,,,,,,,,,,,,,,4,,,,,,
,,,,,,,,,,,,,,,,,,,,,,,,,,,,,,,5,,,,,,
,,,,,,,,,,,,,,,,,,,,,,,,,,,,,,,6,,,,,,
,,,,,,,,,,,,,,,,,,,,,,,,,,,,,,,7,,,,,,
Arduinoall-653,Arduinoall,DHT11 Digital Temperature and Humidity Sensor DHT11,https://www.arduinoall.com/product/653/dht11-digital-temperature-and-humidity-sensor-dht11-%E0%B9%81%E0%B8%9A%E0%B8%9A-pcb-%E0%B8%9E%E0%B8%A3%E0%B9%89%E0%B8%AD%E0%B8%A1%E0%B8%AA%E0%B8%B2%E0%B8%A2%E0%B9%84%E0%B8%9F,PERIPHERAL,BREAKOUT_BOARD_ONESIDE,ARDUINO,MP_ARDUINOALL_653,adafruit/DHT-sensor-library,93.542,140.332,,,,,,VIN,WIRE,POWER,VCC,3.3,5,32.403,140.332,,Temperature,Compare,,,,,,Temperature,0,50,CELSIUS,,
,,,,,,,,,,,,,,,,OUT,WIRE,GPIO_1,INOUT,3.3,5,46.869,140.332,GPIO_1,Humidity,Compare,,,,,,Humidity,20,80,PERCENT,,
,,,,,,,,,,,,,,,,GND,WIRE,POWER,GND,3.3,5,61.268,140.332,,,,,,,,,,,,,,
Arduinoall-34,Arduinoall,GY-521 IMU 3-axis Accelerometer/Gyro Module (MPU6050),https://www.arduinoall.com/product/34/gy-521-imu-3-axis-accelerometer-gyro-module-mpu6050,PERIPHERAL,BREAKOUT_BOARD_ONESIDE,ARDUINO,MP_ARDUINOALL_34,adafruit/Adafruit_Sensor,141.733,113.387,,,,,,VCC,WIRE,POWER,VCC,3,5,21.866,105.526,,Accelerometer,Compare,,,,,,X,-35,35,METERPERSECSQUARE,,
,,,,,,,,MPU6050,,,,,,,,GND,WIRE,POWER,GND,3,5,36.866,105.526,,,,,,,,,Y,-35,35,METERPERSECSQUARE,,
,,,,,,,,I2Cdev,,,,,,,,SCL,WIRE,I2C_1,I2C_SCL,3,5,50.866,105.526,I2C_1,,,,,,,,Z,-35,35,METERPERSECSQUARE,,
,,,,,,,,,,,,,,,,SDA,WIRE,I2C_1,I2C_SDA,3,5,64.891,105.526,,,,,,,,,Magnitude,0,60,METERPERSECSQUARE,,
,,,,,,,,,,,,,,,,XDA,WIRE,,,3,5,79.866,105.526,,Gyroscope,Compare,,,,,,X,-2000,2000,DEGREEPERSEC,,
,,,,,,,,,,,,,,,,XCL,WIRE,,,3,5,94.866,105.526,,,,,,,,,Y,-2000,2000,DEGREEPERSEC,,
,,,,,,,,,,,,,,,,ADO,WIRE,,,3,5,108.866,105.526,,,,,,,,,Z,-2000,2000,DEGREEPERSEC,,
,,,,,,,,,,,,,,,,INT,WIRE,,,3,5,123.866,105.526,,,,,,,,,,,,,,
Arduinoall-222,Arduinoall,Module MQ-2 FC-22 Smoke Gas Sensor Smoke methane gas liquefied flammable gas sensor module for arduano,https://www.arduinoall.com/product/222/module-mq-2-fc-22-smoke-gas-sensor-smoke-methane-gas-liquefied-flammable-gas-sensor-module-for-ardua,PERIPHERAL,BREAKOUT_BOARD_ONESIDE,ARDUINO,MP_ARDUINOALL_222,,130.194,203.991,,,,,,VCC,WIRE,POWER,VCC,5,5,43.398,190.593,,LPG,Compare,,,,,,Percent,0,100,PERCENT,,
,,,,,,,,,,,,,,,,GND,WIRE,POWER,GND,5,5,57.797,190.593,,,,,,,,,,,,,,
,,,,,,,,,,,,,,,,D0,WIRE,,,5,5,72.196,190.593,,,,,,,,,,,,,,
,,,,,,,,,,,,,,,,A0,WIRE,ANALOG_1,INOUT,5,5,86.593,190.593,ANALOG_1,,,,,,,,,,,,,
Arduinoall-261,Arduinoall,MQ-3 alcohol sensor Alcohol,https://www.arduinoall.com/product/261/%E0%B9%80%E0%B8%8B%E0%B8%99%E0%B9%80%E0%B8%8B%E0%B8%AD%E0%B8%A3%E0%B9%8C%E0%B9%81%E0%B8%AD%E0%B8%A5%E0%B8%81%E0%B8%AD%E0%B8%AE%E0%B8%AD%E0%B8%A5%E0%B9%8C-mq-3-alcohol-sensor-alcohol,PERIPHERAL,BREAKOUT_BOARD_ONESIDE,ARDUINO,MP_ARDUINOALL_261,,130.194,203.991,,,,,,VCC,WIRE,POWER,VCC,5,5,43.398,190.593,,Alcohol,Compare,,,,,,Percent,0,100,PERCENT,,
,,,,,,,,,,,,,,,,GND,WIRE,POWER,GND,5,5,57.797,190.593,,,,,,,,,,,,,,
,,,,,,,,,,,,,,,,D0,WIRE,,,5,5,72.196,190.593,,,,,,,,,,,,,,
,,,,,,,,,,,,,,,,A0,WIRE,ANALOG_1,INOUT,5,5,86.593,190.593,ANALOG_1,,,,,,,,,,,,,
Arduinoall-377,Arduinoall,Rain Raindrop Water Level Sensor Module Height Depth of Detection For Arduino,https://www.arduinoall.com/product/377/%E0%B9%82%E0%B8%A1%E0%B8%94%E0%B8%B9%E0%B8%A5-%E0%B9%80%E0%B8%8B%E0%B8%99%E0%B9%80%E0%B8%8B%E0%B8%AD%E0%B8%A3%E0%B9%8C%E0%B8%99%E0%B9%89%E0%B8%B3%E0%B8%9D%E0%B8%99-%E0%B8%A3%E0%B8%B0%E0%B8%94%E0%B8%B1%E0%B8%9A%E0%B8%99%E0%B9%89%E0%B8%B3-rain-raindrop-water-level-sensor-module-height-depth-of-detection-for-a-3,PERIPHERAL,BREAKOUT_BOARD_ONESIDE,ARDUINO,MP_ARDUINOALL_377,,113.378,351.498,,,,,,GND,WIRE,POWER,GND,3.3,5,44.417,341.748,,Water,Detect Water,,,,,,,,,,,
,,,,,,,,,,,,,,,,VCC,WIRE,POWER,VCC,3.3,5,58.817,341.748,,,No Water,,,,,,,,,,,
,,,,,,,,,,,,,,,,S,WIRE,ANALOG_1,INOUT,3.3,5,73.217,341.748,ANALOG_1,,,,,,,,,,,,,
Arduitronics-1705,Arduitronics,DHT12 Humidity Temperature Sensor Module,https://www.arduitronics.com/product/1705/dht12-humidity-temperature-sensor-module-free-cable-i2c-interface,PERIPHERAL,BREAKOUT_BOARD_ONESIDE,ARDUINO,MP_ARDUITRONICS_1705,dht_dplasa,72,72,,,,,,VIN,WIRE,POWER,VCC,3.3,5,14.5,69,I2C_1,Temperature,Compare,,,,,,Temperature,0,50,CELSIUS,,
,,,,,,,,,,,,,,,,SDA,WIRE,I2C_1,I2C_SDA,3.3,5,28.9,69,,Humidity,Compare,,,,,,Humidity,20,80,PERCENT,,
,,,,,,,,,,,,,,,,GND,WIRE,POWER,GND,3.3,5,43.3,69,,,,,,,,,,,,,,
,,,,,,,,,,,,,,,,SCL,WIRE,I2C_1,I2C_SCL,3.3,5,57.7,69,,,,,,,,,,,,,,
Grove-104030007,SeeedStudio,"Grove LED Socket Kit (Red, Green, White)",https://www.seeedstudio.com/Grove-Green-LED-p-1144.html,PERIPHERAL,GROVE,GROVE_ARDUINO,MP_GROVE_104030007,,128,148,,,,,,SIG,GROVE,GPIO_1,INOUT,3.3,5,31.785,42.489,GPIO_1,LED,On,Brightness,0,100,PERCENT,,,,,,,
,,,,,,,,,,,,,,,,GND,GROVE,POWER,GND,3.3,5,2.984,0.002,,,Off,,,,,,,,,,,
,,,,,,,,,,,,,,,,VCC,GROVE,POWER,VCC,3.3,5,117.42,60.299,,,,,,,,,,,,,,
Grove-104030003,SeeedStudio,Grove - 4-Digit Display,https://www.seeedstudio.com/Grove-4-Digit-Display-p-1198.html,PERIPHERAL,GROVE,GROVE_ARDUINO,MP_GROVE_104030003,avishorp/TM1637,266,148,,,,,,CLK,GROVE,GPIO_1,INOUT,3.3,5,321,53.3,GPIO_1,7 Segment,Show Value,Value,,,,,,,,,,
,,,,,,,,,,,,,,,,DIO,GROVE,GPIO_2,INOUT,3.3,5,321,67.8,GPIO_2,,Show Number,Number,-999,9999,NOT_SPECIFIED,,,,,,,
,,,,,,,,,,,,,,,,VCC,GROVE,POWER,VCC,3.3,5,321,82.3,,,Off,,,,,,,,,,,
,,,,,,,,,,,,,,,,GND,GROVE,POWER,GND,3.3,5,321,96.8,,,Set Brightness,Brightness,,,,0,,,,,,
,,,,,,,,,,,,,,,,,,,,,,,,,,,,,,,1,,,,,,
,,,,,,,,,,,,,,,,,,,,,,,,,,,,,,,2,,,,,,
,,,,,,,,,,,,,,,,,,,,,,,,,,,,,,,3,,,,,,
,,,,,,,,,,,,,,,,,,,,,,,,,,,,,,,4,,,,,,
,,,,,,,,,,,,,,,,,,,,,,,,,,,,,,,5,,,,,,
,,,,,,,,,,,,,,,,,,,,,,,,,,,,,,,6,,,,,,
,,,,,,,,,,,,,,,,,,,,,,,,,,,,,,,7,,,,,,
Grove-101020017,SeeedStudio,Grove - Rotary Angle Sensor,https://www.seeedstudio.com/Grove-Rotary-Angle-Sensor-p-770.html,PERIPHERAL,GROVE,GROVE_ARDUINO,MP_GROVE_101020017,,128,148,,,,,,VCC,GROVE,POWER,VCC,3.3,5,1.531,19.764,,POT,Compare,,,,,,Percent,0,100,PERCENT,,
,,,,,,,,,,,,,,,,SIG,GROVE,ANALOG_1,INOUT,3.3,5,45.2,31.9095,ANALOG_1,,,,,,,,,,,,,
,,,,,,,,,,,,,,,,GND,GROVE,POWER,GND,3.3,5,132.212,22.0465,,,,,,,,,,,,,,
Grove-101020015,SeeedStudio,Grove - Temperature Sensor,https://www.seeedstudio.com/Grove-Temperature-Sensor-p-774.html,PERIPHERAL,GROVE,GROVE_ARDUINO,MP_GROVE_101020015,,128,148,,,,,,VCC,GROVE,POWER,VCC,3.3,5,1.531,19.764,,Temperature,Compare,,,,,,Temperature,-40,125,CELSIUS,,
,,,,,,,,,,,,,,,,SIG,GROVE,ANALOG_1,INOUT,3.3,5,45.2,31.9095,ANALOG_1,,,,,,,,,,,,,
,,,,,,,,,,,,,,,,GND,GROVE,POWER,GND,3.3,5,132.212,22.0465,,,,,,,,,,,,,,
Grove-101020132,SeeedStudio,Grove - Light Sensor,https://www.seeedstudio.com/Grove-Light-Sensor-v1.2-p-2727.html,PERIPHERAL,GROVE,GROVE_ARDUINO,MP_GROVE_101020132,,128,148,,,,,,VCC,GROVE,POWER,VCC,3.3,5,1.531,19.764,,Light,Compare,,,,,,Percent,0,100,PERCENT,,
,,,,,,,,,,,,,,,,SIG,GROVE,ANALOG_1,INOUT,3.3,5,45.2,31.9095,ANALOG_1,,,,,,,,,,,,,
,,,,,,,,,,,,,,,,GND,GROVE,POWER,GND,3.3,5,132.212,22.0465,,,,,,,,,,,,,,
Grove-101020023,SeeedStudio,Grove - Sound Sensor,https://www.seeedstudio.com/Grove-Sound-Sensor-p-752.html,PERIPHERAL,GROVE,GROVE_ARDUINO,MP_GROVE-101020023,,128,148,,,,,,VCC,GROVE,POWER,VCC,3.3,5,1.531,19.764,,Sound,Compare,,,,,,SoundLevel,0,100,PERCENT,,
,,,,,,,,,,,,,,,,SIG,GROVE,ANALOG_1,INOUT,3.3,5,45.2,31.9095,ANALOG_1,,,,,,,,,,,,,
,,,,,,,,,,,,,,,,GND,GROVE,POWER,GND,3.3,5,132.212,22.0465,,,,,,,,,,,,,,
Grove-107020000,SeeedStudio,Grove - Buzzer,https://www.seeedstudio.com/Grove-Buzzer-p-768.html,PERIPHERAL,GROVE,GROVE_ARDUINO,MP_GROVE_107020000,,128,148,,,,,,VCC,GROVE,POWER,VCC,3.3,5,1.531,19.764,,Buzzer,Beep,,,,,,,,,,,
,,,,,,,,,,,,,,,,SIG,GROVE,GPIO_1,INOUT,3.3,5,45.2,31.9095,GPIO_1,,,,,,,,,,,,,
,,,,,,,,,,,,,,,,GND,GROVE,POWER,GND,3.3,5,132.212,22.0465,,,,,,,,,,,,,,
Grove-101020003,SeeedStudio,Grove - Button,https://www.seeedstudio.com/Grove-Button-p-766.html,PERIPHERAL,GROVE,GROVE_ARDUINO,MP_GROVE_101020003,,128,148,,,,,,SIG,GROVE,GPIO_1,INOUT,3.3,5,31.785,42.489,GPIO_1,Button,Wait For Press,isPressed,,,,,,,,,,
,,,,,,,,,,,,,,,,GND,GROVE,POWER,GND,3.3,5,2.984,0.002,,,Wait For Release,isReleased,,,,,,,,,,
,,,,,,,,,,,,,,,,VCC,GROVE,POWER,VCC,3.3,5,117.42,60.299,,,,,,,,,,,,,,
Grove-103020005,SeeedStudio,Grove - Relay,https://www.seeedstudio.com/Grove-Relay-p-769.html,PERIPHERAL,GROVE,GROVE_ARDUINO,MP_GROVE_103020005,,128,148,,,,,,VCC,GROVE,POWER,VCC,3.3,5,1.531,19.764,,Relay Module,On,,,,,,,,,,,
,,,,,,,,,,,,,,,,SIG,GROVE,GPIO_1,INOUT,3.3,5,45.2,31.9095,GPIO_1,,Off,,,,,,,,,,,
,,,,,,,,,,,,,,,,GND,GROVE,POWER,GND,3.3,5,132.212,22.0465,,,,,,,,,,,,,,
Grove-101020020,SeeedStudio,Grove - PIR Motion Sensor,https://www.seeedstudio.com/Grove-PIR-Motion-Sensor%EF%BC%88BISS0001%EF%BC%89-p-802.html,PERIPHERAL,GROVE,GROVE_ARDUINO,MP_GROVE_101020020,,128,148,,,,,,SIG,GROVE,GPIO_1,INOUT,3,5,31.785,42.489,GPIO_1,Presence,Detect Human,isDetected,,,,,,,,,,
,,,,,,,,,,,,,,,,GND,GROVE,POWER,GND,3,5,2.984,0.002,,,No Human,isNotDetected,,,,,,,,,,
,,,,,,,,,,,,,,,,VCC,GROVE,POWER,VCC,3,5,117.42,60.299,,,,,,,,,,,,,,
Grove-101020054,SeeedStudio,Grove - 3-Axis Digital Accelerometer(+-16g),http://wiki.seeed.cc/Grove-3-Axis_Digital_Accelerometer-16g/,PERIPHERAL,GROVE,GROVE_ARDUINO,MP_GROVE_101020054,adafruit/Adafruit_ADXL345,128,148,,,,,,SDA,GROVE,I2C_1,I2C_SDA,3,5,321,53.3,I2C_1,Accelerometer,Compare,,,,,,X,-16,16,METERPERSECSQUARE,,
,,,,,,,,adafruit/Adafruit_Sensor,,,,,,,,SCL,GROVE,I2C_1,I2C_SCL,3,5,321,67.8,,,,,,,,,Y,-16,16,METERPERSECSQUARE,,
,,,,,,,,,,,,,,,,VCC,GROVE,POWER,VCC,3,5,321,82.3,,,,,,,,,Z,-16,16,METERPERSECSQUARE,,
,,,,,,,,,,,,,,,,GND,GROVE,POWER,GND,3,5,321,96.8,,,,,,,,,Magnitude,0,60,METERPERSECSQUARE,,
Grove-101020011,SeeedStudio,Grove - Temperature & Humidity Sensor (DHT11),https://www.seeedstudio.com/Grove-Temperature-%26amp%3B-Humidity-Sensor-%EF%BC%88DHT11%EF%BC%89-p-745.html,PERIPHERAL,GROVE,GROVE_ARDUINO,MP_GROVE_101020011,adafruit/DHT-sensor-library,128,148,,,,,,VCC,GROVE,POWER,VCC,3.3,5,1.531,19.764,,Temperature,Compare,,,,,,Temperature,0,50,CELSIUS,,
,,,,,,,,,,,,,,,,SIG,GROVE,ANALOG_1,INOUT,3.3,5,45.2,31.9095,ANALOG_1,Humidity,Compare,,,,,,Humidity,20,80,PERCENT,,
,,,,,,,,,,,,,,,,GND,GROVE,POWER,GND,3.3,5,132.212,22.0465,,,,,,,,,,,,,,
Grove-101020010,SeeedStudio,Grove - Ultrasonic Ranger,https://www.seeedstudio.com/Grove-Ultrasonic-Ranger-p-960.html,PERIPHERAL,GROVE,GROVE_ARDUINO,MP_GROVE_101020010,,128,148,,,,,,VCC,GROVE,POWER,VCC,3.3,5,1.531,19.764,,Distance,Compare,,,,,,Distance,3,350,CENTIMETER,,
,,,,,,,,,,,,,,,,SIG,GROVE,ANALOG_1,INOUT,3.3,5,45.2,31.9095,ANALOG_1,,,,,,,,,,,,,
,,,,,,,,,,,,,,,,GND,GROVE,POWER,GND,3.3,5,132.212,22.0465,,,,,,,,,,,,,,
MP-0000,MakerPlayground,BaseBoard,http://www.makerplayground.io/library/MP-0000,CONTROLLER,MP_CONTROLLER,MP_ARDUINO,,,425,303,,,,,,Internal,MP,MP_INT_UART_1,INOUT,5,5,0,0,MP_INT_UART_1,,,,,,,,,,,,,
,,,,,,,,,,,,,,,,D1,MP,MP_PWM_SINGLE_1,INOUT,5,5,0,0,MP_PWM_SINGLE_1,,,,,,,,,,,,,
,,,,,,,,,,,,,,,,,MP,MP_PWM_DUAL_1,INOUT,5,5,0,0,MP_PWM_SINGLE_2,,,,,,,,,,,,,
,,,,,,,,,,,,,,,,,MP,MP_GPIO_SINGLE_1,INOUT,5,5,0,0,MP_PWM_SINGLE_3,,,,,,,,,,,,,
,,,,,,,,,,,,,,,,,MP,MP_GPIO_DUAL_1,INOUT,5,5,0,0,MP_PWM_SINGLE_4,,,,,,,,,,,,,
,,,,,,,,,,,,,,,,D2,MP,MP_PWM_SINGLE_2,INOUT,5,5,0,0,MP_PWM_DUAL_1,,,,,,,,,,,,,
,,,,,,,,,,,,,,,,,MP,MP_PWM_DUAL_2,INOUT,5,5,0,0,MP_PWM_DUAL_2,,,,,,,,,,,,,
,,,,,,,,,,,,,,,,,MP,MP_GPIO_SINGLE_2,INOUT,5,5,0,0,MP_PWM_DUAL_3,,,,,,,,,,,,,
,,,,,,,,,,,,,,,,,MP,MP_GPIO_DUAL_2,INOUT,5,5,0,0,MP_PWM_DUAL_4,,,,,,,,,,,,,
,,,,,,,,,,,,,,,,D3,MP,MP_PWM_SINGLE_3,INOUT,5,5,0,0,MP_GPIO_SINGLE_5,,,,,,,,,,,,,
,,,,,,,,,,,,,,,,,MP,MP_PWM_DUAL_3,INOUT,5,5,0,0,MP_GPIO_SINGLE_6,,,,,,,,,,,,,
,,,,,,,,,,,,,,,,,MP,MP_GPIO_SINGLE_3,INOUT,5,5,0,0,MP_GPIO_DUAL_5,,,,,,,,,,,,,
,,,,,,,,,,,,,,,,,MP,MP_GPIO_DUAL_3,INOUT,5,5,0,0,MP_GPIO_DUAL_6,,,,,,,,,,,,,
,,,,,,,,,,,,,,,,D4,MP,MP_PWM_SINGLE_4,INOUT,5,5,0,0,MP_ANALOG_SINGLE_1,,,,,,,,,,,,,
,,,,,,,,,,,,,,,,,MP,MP_PWM_DUAL_4,INOUT,5,5,0,0,MP_ANALOG_SINGLE_2,,,,,,,,,,,,,
,,,,,,,,,,,,,,,,,MP,MP_GPIO_SINGLE_4,INOUT,5,5,0,0,MP_ANALOG_DUAL_1,,,,,,,,,,,,,
,,,,,,,,,,,,,,,,,MP,MP_GPIO_DUAL_4,INOUT,5,5,0,0,MP_ANALOG_DUAL_2,,,,,,,,,,,,,
,,,,,,,,,,,,,,,,D5/A1,MP,MP_GPIO_SINGLE_5,INOUT,5,5,0,0,MP_I2C_1,,,,,,,,,,,,,
,,,,,,,,,,,,,,,,,MP,MP_GPIO_DUAL_5,INOUT,5,5,0,0,MP_I2C_2,,,,,,,,,,,,,
,,,,,,,,,,,,,,,,,MP,MP_ANALOG_SINGLE_1,INOUT,5,5,0,0,MP_I2C_3,,,,,,,,,,,,,
,,,,,,,,,,,,,,,,,MP,MP_ANALOG_DUAL_1,INOUT,5,5,0,0,MP_I2C_4,,,,,,,,,,,,,
,,,,,,,,,,,,,,,,D6/A2,MP,MP_GPIO_SINGLE_6,INOUT,5,5,0,0,,,,,,,,,,,,,,
,,,,,,,,,,,,,,,,,MP,MP_GPIO_DUAL_6,INOUT,5,5,0,0,,,,,,,,,,,,,,
,,,,,,,,,,,,,,,,,MP,MP_ANALOG_SINGLE_2,INOUT,5,5,0,0,,,,,,,,,,,,,,
,,,,,,,,,,,,,,,,,MP,MP_ANALOG_DUAL_2,INOUT,5,5,0,0,,,,,,,,,,,,,,
,,,,,,,,,,,,,,,,I2C1,MP,MP_I2C_1,INOUT,5,5,0,0,,,,,,,,,,,,,,
,,,,,,,,,,,,,,,,I2C2,MP,MP_I2C_2,INOUT,5,5,0,0,,,,,,,,,,,,,,
,,,,,,,,,,,,,,,,I2C3,MP,MP_I2C_3,INOUT,5,5,0,0,,,,,,,,,,,,,,
,,,,,,,,,,,,,,,,I2C4,MP,MP_I2C_4,INOUT,5,5,0,0,,,,,,,,,,,,,,
MP-0001,MakerPlayground,LED,http://www.makerplayground.io/library/MP-0001,PERIPHERAL,MP_DEVICE,MP_ARDUINO,MP_MP_0001,,0,0,,,,,,Port,MP,MP_PWM_SINGLE_1,INOUT,5,5,0,0,MP_PWM_SINGLE_1,LED,On,Brightness,0,100,PERCENT,,,,,,,
,,,,,,,,,,,,,,,,,,,,,,,,,,Off,,,,,,,,,,,
MP-0002,MakerPlayground,RGB LED,http://www.makerplayground.io/library/MP-0002,PERIPHERAL,MP_DEVICE,MP_ARDUINO,MP_MP_0002,,0,0,,,,,,Port,MP,MP_GPIO_DUAL_1,INOUT,5,5,0,0,MP_GPIO_DUAL_1,RGB LED,On,Red,0,255,NOT_SPECIFIED,,,,,,,
,,,,,,,,,,,,,,,,,,,,,,,,,,,Green,0,255,NOT_SPECIFIED,,,,,,,
,,,,,,,,,,,,,,,,,,,,,,,,,,,Blue,0,255,NOT_SPECIFIED,,,,,,,
,,,,,,,,,,,,,,,,,,,,,,,,,,,Brightness,0,100,NOT_SPECIFIED,,,,,,,
,,,,,,,,,,,,,,,,,,,,,,,,,,Off,,,,,,,,,,,
MP-0003,MakerPlayground,Buzzer,http://www.makerplayground.io/library/MP-0003,PERIPHERAL,MP_DEVICE,MP_ARDUINO,MP_MP_0003,,0,0,,,,,,Port,MP,MP_PWM_SINGLE_1,INOUT,5,5,0,0,MP_PWM_SINGLE_1,Buzzer,Play Tone,Tone Frequency,0,20000,HERTZ,,,,,,,
,,,,,,,,,,,,,,,,,,,,,,,,,,,Duration,0,1000,SECOND,,,,,,,
,,,,,,,,,,,,,,,,,,,,,,,,,,Beep,,,,,,,,,,,
MP-0004,MakerPlayground,Load Driver,http://www.makerplayground.io/library/MP-0004,PERIPHERAL,MP_DEVICE,MP_ARDUINO,MP_MP_0004,,0,0,,,,,,Port,MP,MP_PWM_SINGLE_1,INOUT,5,5,0,0,MP_PWM_SINGLE_1,Load Driver,On,,,,,,,,,,,
,,,,,,,,,,,,,,,,,,,,,,,,,,Off,,,,,,,,,,,
MP-0005,MakerPlayground,Light Sensor,http://www.makerplayground.io/library/MP-0005,PERIPHERAL,MP_DEVICE,MP_ARDUINO,MP_MP_0005,,0,0,,,,,,Port,MP,MP_ANALOG_SINGLE_1,INOUT,5,5,0,0,MP_ANALOG_SINGLE_1,Light,Compare,,,,,,Percent,0,100,PERCENT,,
MP-0006,MakerPlayground,Button,http://www.makerplayground.io/library/MP-0006,PERIPHERAL,MP_DEVICE,MP_ARDUINO,MP_MP_0006,,0,0,,,,,,Port,MP,MP_GPIO_SINGLE_1,INOUT,5,5,0,0,MP_GPIO_SINGLE_1,Button,Wait For Press,,,,,,,,,,,
,,,,,,,,,,,,,,,,,,,,,,,,,,Wait For Release,,,,,,,,,,,
MP-0007,MakerPlayground,Trimpot,http://www.makerplayground.io/library/MP-0007,PERIPHERAL,MP_DEVICE,MP_ARDUINO,MP_MP_0007,,0,0,,,,,,Port,MP,MP_ANALOG_SINGLE_1,INOUT,5,5,0,0,MP_ANALOG_SINGLE_1,POT,Compare,,,,,,Percent,0,100,PERCENT,,
MP-0008,MakerPlayground,Accelerometer/Gyroscope,http://www.makerplayground.io/library/MP-0008,PERIPHERAL,MP_DEVICE,MP_ARDUINO,MP_MP_0008,SparkFun/SparkFun_LSM6DS3_Arduino_Library,0,0,,,,,,Port,MP,MP_I2C_1,INOUT,5,5,0,0,MP_I2C_1,Accelerometer,Compare,,,,,,Accel_X,-100,100,METERPERSECSQUARE,,
,,,,,,,,Wire,,,,,,,,,,,,,,,,,,,,,,,,Accel_Y,-100,100,METERPERSECSQUARE,,
,,,,,,,,,,,,,,,,,,,,,,,,,,,,,,,,Accel_Z,-100,100,METERPERSECSQUARE,,
,,,,,,,,,,,,,,,,,,,,,,,,,,,,,,,,Accel_Magnitude,0,100,METERPERSECSQUARE,,
,,,,,,,,,,,,,,,,,,,,,,,,,Gyroscope,Compare,,,,,,Gyro_X,-200,200,RADIUSPERSEC,,
,,,,,,,,,,,,,,,,,,,,,,,,,,,,,,,,Gyro_Y,-200,200,RADIUSPERSEC,,
,,,,,,,,,,,,,,,,,,,,,,,,,,,,,,,,Gyro_Z,-200,200,RADIUSPERSEC,,
MP-0009,MakerPlayground,Temperature/Humidity,http://www.makerplayground.io/library/MP-0009,PERIPHERAL,MP_DEVICE,MP_ARDUINO,MP_MP_0009,Sensirion/arduino-sht,0,0,,,,,,Port,MP,MP_I2C_1,INOUT,5,5,0,0,MP_I2C_1,Temperature,Compare,,,,,,Temperature,-500,500,CELSIUS,,
,,,,,,,,Wire,,,,,,,,,,,,,,,,,Humidity,Compare,,,,,,Humidity,0,100,PERCENT,,
MP-0010,MakerPlayground,Distance/Gesture,http://www.makerplayground.io/library/MP-0010,PERIPHERAL,MP_DEVICE,MP_ARDUINO,MP_MP_0010,SparkFun/SparkFun_APDS-9960_Sensor_Arduino_Library,0,0,,,,,,Port,MP,MP_I2C_1,INOUT,5,5,0,0,MP_I2C_1,Distance,Compare,,,,,,,,,,,
,,,,,,,,Wire,,,,,,,,,,,,,,,,,,,,,,,,,,,,,
MP-0011,MakerPlayground,Microphone,http://www.makerplayground.io/library/MP-0011,PERIPHERAL,MP_DEVICE,MP_ARDUINO,MP_MP_0011,,0,0,,,,,,Port,MP,MP_ANALOG_SINGLE_1,INOUT,5,5,0,0,MP_ANALOG_SINGLE_1,Sound,Compare,,,,,,SoundLevel,0,100,PERCENT,,
MP-0012,MakerPlayground,7-Segment Display,http://www.makerplayground.io/library/MP-0012,PERIPHERAL,MP_DEVICE,MP_ARDUINO,MP_MP_0012,nickgammon/SendOnlySoftwareSerial,0,0,,,,,,Port,MP,MP_GPIO_SINGLE_1,INOUT,5,5,0,0,MP_GPIO_SINGLE_1,7 Segment,Show Value,Value,,,,,,,,,,
,,,,,,,,,,,,,,,,,,,,,,,,,,Show Number,Number,-999,9999,NOT_SPECIFIED,,,,,,,
,,,,,,,,,,,,,,,,,,,,,,,,,,Off,,,,,,,,,,,
MP-0013,MakerPlayground,Relay,http://www.makerplayground.io/library/MP-0013,PERIPHERAL,MP_DEVICE,MP_ARDUINO,MP_MP_0013,,0,0,,,,,,Port,MP,MP_GPIO_SINGLE_1,INOUT,5,5,0,0,MP_GPIO_SINGLE_1,Relay Module,On,,,,,,,,,,,
,,,,,,,,,,,,,,,,,,,,,,,,,,Off,,,,,,,,,,,
MP-0014,MakerPlayground,Soil-Moisture Sensor,http://www.makerplayground.io/library/MP-0014,PERIPHERAL,MP_DEVICE,MP_ARDUINO,MP_MP_0014,,0,0,,,,,,Port,MP,MP_ANALOG_DUAL_1,INOUT,5,5,0,0,MP_ANALOG_DUAL_1,Soil Moisture,Compare,,,,,,Percent,0,100,PERCENT,,
,,,,,,,,,,,,,,,,,,,,,,,,,,,,,,,,,,,,,
MP-0016,MakerPlayground,Servo Motor,http://www.makerplayground.io/library/MP-0016,PERIPHERAL,MP_DEVICE,MP_ARDUINO,MP_MP_0016,,0,0,,,,,,Port,MP,MP_GPIO_SINGLE_1,INOUT,5,5,0,0,MP_GPIO_SINGLE_1,Servo,Move To,Degree,0,180,DEGREE,,,,,,,
,,,,,,,,,,,,,,,,,,,,,,,,,,,,,,,,,,,,,
Grove-113020010,SeeedStudio,Grove - Uart Wifi,https://www.seeedstudio.com/s/Grove-Uart-Wifi-p-2495.html,PERIPHERAL,GROVE,ARDUINO,MP_GROVE_113020010,blynkk/blynk-library,128,148,,,,,,VIN,GROVE,POWER,VCC,3.3,3.3,14.5,69,,Blynk,Push data,Virtual Pin,,,,0,,,,,,
,,,,,,,,itead/ITEADLIB_Arduino_WeeESP8266,,,,,,,,GND,GROVE,POWER,GND,3.3,3.3,28.9,69,,,,,,,,1,,,,,,
,,,,,,,,,,,,,,,,RX,GROVE,GPIO_1,INOUT,3.3,3.3,43.3,69,GPIO_1,,,,,,,2,,,,,,
,,,,,,,,,,,,,,,,TX,GROVE,GPIO_2,INOUT,3.3,3.3,57.7,69,GPIO_2,,,,,,,3,,,,,,
,,,,,,,,,,,,,,,,,,,,,,,,,,,,,,,4,,,,,,
,,,,,,,,,,,,,,,,,,,,,,,,,,,,,,,5,,,,,,
,,,,,,,,,,,,,,,,,,,,,,,,,,,,,,,6,,,,,,
,,,,,,,,,,,,,,,,,,,,,,,,,,,,,,,7,,,,,,
,,,,,,,,,,,,,,,,,,,,,,,,,,,Data,-32768,32767,NOT_SPECIFIED,,,,,,,
,,,,,,,,,,,,,,,,,,,,,,,,,,Push value,Virtual Pin,,,,0,,,,,,
,,,,,,,,,,,,,,,,,,,,,,,,,,,,,,,1,,,,,,
,,,,,,,,,,,,,,,,,,,,,,,,,,,,,,,2,,,,,,
,,,,,,,,,,,,,,,,,,,,,,,,,,,,,,,3,,,,,,
,,,,,,,,,,,,,,,,,,,,,,,,,,,,,,,4,,,,,,
,,,,,,,,,,,,,,,,,,,,,,,,,,,,,,,5,,,,,,
,,,,,,,,,,,,,,,,,,,,,,,,,,,,,,,6,,,,,,
,,,,,,,,,,,,,,,,,,,,,,,,,,,,,,,7,,,,,,
,,,,,,,,,,,,,,,,,,,,,,,,,,,Value,,,,,,,,,,
,,,,,,,,,,,,,,,,,,,,,,,,,,Check value,Virtual Pin,,,,0,,,,,,
,,,,,,,,,,,,,,,,,,,,,,,,,,,,,,,1,,,,,,
,,,,,,,,,,,,,,,,,,,,,,,,,,,,,,,2,,,,,,
,,,,,,,,,,,,,,,,,,,,,,,,,,,,,,,3,,,,,,
,,,,,,,,,,,,,,,,,,,,,,,,,,,,,,,4,,,,,,
,,,,,,,,,,,,,,,,,,,,,,,,,,,,,,,5,,,,,,
,,,,,,,,,,,,,,,,,,,,,,,,,,,,,,,6,,,,,,
,,,,,,,,,,,,,,,,,,,,,,,,,,,,,,,7,,,,,,
,,,,,,,,,,,,,,,,,,,,,,,,,,,Data,-32768,32767,NUMBER,,,,,,,
,,,,,,,,,,,,,,,,,,,,,,,,,,Compare,,,,,,VirtualPin0,-32768,32767,NOT_SPECIFIED,,
,,,,,,,,,,,,,,,,,,,,,,,,,,,,,,,,VirtualPin1,-32768,32767,NOT_SPECIFIED,,
,,,,,,,,,,,,,,,,,,,,,,,,,,,,,,,,VirtualPin2,-32768,32767,NOT_SPECIFIED,,
,,,,,,,,,,,,,,,,,,,,,,,,,,,,,,,,VirtualPin3,-32768,32767,NOT_SPECIFIED,,
,,,,,,,,,,,,,,,,,,,,,,,,,,,,,,,,VirtualPin4,-32768,32767,NOT_SPECIFIED,,
,,,,,,,,,,,,,,,,,,,,,,,,,,,,,,,,VirtualPin5,-32768,32767,NOT_SPECIFIED,,
,,,,,,,,,,,,,,,,,,,,,,,,,,,,,,,,VirtualPin6,-32768,32767,NOT_SPECIFIED,,
,,,,,,,,,,,,,,,,,,,,,,,,,,,,,,,,VirtualPin7,-32768,32767,NOT_SPECIFIED,,
MP-0015,MakerPlayground,Maker Playground - Wifi Module,http://www.makerplayground.io/library/MP-0015,PERIPHERAL,MP_DEVICE,MP_ARDUINO,MP_MP_0015,blynkk/blynk-library,128,148,,,,,,Port,MP,MP_INT_UART_1,INOUT,5,5,0,0,MP_INT_UART_1,Blynk,Push data,Virtual Pin,,,,0,,,,,,
,,,,,,,,itead/ITEADLIB_Arduino_WeeESP8266,,,,,,,,,,,,,,,,,,,,,,,1,,,,,,
,,,,,,,,,,,,,,,,,,,,,,,,,,,,,,,2,,,,,,
,,,,,,,,,,,,,,,,,,,,,,,,,,,,,,,3,,,,,,
,,,,,,,,,,,,,,,,,,,,,,,,,,,,,,,4,,,,,,
,,,,,,,,,,,,,,,,,,,,,,,,,,,,,,,5,,,,,,
,,,,,,,,,,,,,,,,,,,,,,,,,,,,,,,6,,,,,,
,,,,,,,,,,,,,,,,,,,,,,,,,,,,,,,7,,,,,,
,,,,,,,,,,,,,,,,,,,,,,,,,,,Data,-32768,32767,NOT_SPECIFIED,,,,,,,
,,,,,,,,,,,,,,,,,,,,,,,,,,Push value,Virtual Pin,,,,0,,,,,,
,,,,,,,,,,,,,,,,,,,,,,,,,,,,,,,1,,,,,,
,,,,,,,,,,,,,,,,,,,,,,,,,,,,,,,2,,,,,,
,,,,,,,,,,,,,,,,,,,,,,,,,,,,,,,3,,,,,,
,,,,,,,,,,,,,,,,,,,,,,,,,,,,,,,4,,,,,,
,,,,,,,,,,,,,,,,,,,,,,,,,,,,,,,5,,,,,,
,,,,,,,,,,,,,,,,,,,,,,,,,,,,,,,6,,,,,,
,,,,,,,,,,,,,,,,,,,,,,,,,,,,,,,7,,,,,,
,,,,,,,,,,,,,,,,,,,,,,,,,,,Value,,,,,,,,,,
,,,,,,,,,,,,,,,,,,,,,,,,,,Check value,Virtual Pin,,,,0,,,,,,
,,,,,,,,,,,,,,,,,,,,,,,,,,,,,,,1,,,,,,
,,,,,,,,,,,,,,,,,,,,,,,,,,,,,,,2,,,,,,
,,,,,,,,,,,,,,,,,,,,,,,,,,,,,,,3,,,,,,
,,,,,,,,,,,,,,,,,,,,,,,,,,,,,,,4,,,,,,
,,,,,,,,,,,,,,,,,,,,,,,,,,,,,,,5,,,,,,
,,,,,,,,,,,,,,,,,,,,,,,,,,,,,,,6,,,,,,
,,,,,,,,,,,,,,,,,,,,,,,,,,,,,,,7,,,,,,
,,,,,,,,,,,,,,,,,,,,,,,,,,,Data,-32768,32767,NUMBER,,,,,,,
,,,,,,,,,,,,,,,,,,,,,,,,,,Compare,,,,,,VirtualPin0,-32768,32767,NOT_SPECIFIED,,
,,,,,,,,,,,,,,,,,,,,,,,,,,,,,,,,VirtualPin1,-32768,32767,NOT_SPECIFIED,,
,,,,,,,,,,,,,,,,,,,,,,,,,,,,,,,,VirtualPin2,-32768,32767,NOT_SPECIFIED,,
,,,,,,,,,,,,,,,,,,,,,,,,,,,,,,,,VirtualPin3,-32768,32767,NOT_SPECIFIED,,
,,,,,,,,,,,,,,,,,,,,,,,,,,,,,,,,VirtualPin4,-32768,32767,NOT_SPECIFIED,,
,,,,,,,,,,,,,,,,,,,,,,,,,,,,,,,,VirtualPin5,-32768,32767,NOT_SPECIFIED,,
,,,,,,,,,,,,,,,,,,,,,,,,,,,,,,,,VirtualPin6,-32768,32767,NOT_SPECIFIED,,
,,,,,,,,,,,,,,,,,,,,,,,,,,,,,,,,VirtualPin7,-32768,32767,NOT_SPECIFIED,,
MP-0017,MakerPlayground,Water Flow Sensor,http://www.makerplayground.io/library/MP-0017,PERIPHERAL,MP_DEVICE,MP_ARDUINO,MP_MP_0017,NicoHood/PinChangeInterrupt,0,0,,,,,,Port,MP,MP_GPIO_SINGLE_1,INOUT,5,5,0,0,MP_GPIO_SINGLE_1,Flow Sensor,Detect Water Flow,,,,,,Total Water Amount,0,1000000,MILLILITER,,
,,,,,,,,,,,,,,,,,,,,,,,,,,,,,,,,Flow Rate,0,100,MILLILITERPERSECOND,,
MP-0018,MakerPlayground,Ultrasonic Sensor Module HY-SRF05,http://www.makerplayground.io/library/MP-0018,PERIPHERAL,MP_DEVICE,MP_ARDUINO,MP_MP_0018,,0,0,,,,,,Port,MP,MP_GPIO_DUAL_1,INOUT,5,5,0,0,MP_GPIO_DUAL_1,Distance,Compare,,,,,,Distance,0.02,4.5,METER,,
